Country_id,Country_name,Country_photo_path
0,Bahrein,media/Bahrein.PNG
1,Saoedi-Arabië,media/Saoedi-Arabië.PNG
2,Australië,media/Australië.PNG
3,Azerbeidzjan,media/Azerbeidzjan.PNG
4,Verenigde Staten,media/Verenigde_Staten.PNG
5,Monaco,media/Monaco.PNG
6,Spanje,media/Spanje.PNG
7,Canada,media/Canada.PNG
8,Oostenrijk,media/Oostenrijk.PNG
9,Verenigd Koninkrijk,media/Verenigd_Koninkrijk.PNG
10,Hongarije,media/Hongarije.PNG
11,België,media/België.PNG
12,Nederland,media/Nederland.PNG
13,Italië,media/Italië.PNG
14,Singapore,media/Singapore.PNG
15,Japan,media/Japan.PNG
16,Qatar,media/Qatar.PNG
17,Verenigde Staten,media/Verenigde_Staten.PNG
18,Mexico,media/Mexico.PNG
19,Brazilië,media/Brazilië.PNG
20,Verenigde Staten,media/Verenigde_Staten.PNG
21,Verenigde Arabische Emiraten,media/Verenigde_Arabische_Emiraten.PNG
